Workbook
Name Slicer_TANGGAL_BERANGKAT1: #N/A

Sheet Master_Data
A1: BANDARA PREFEKTUR KA-YU
A2: Komplek Weizhong, Blok Qian-309
A3: Jl. Weiqian KM 101, Kec. Kangyuan
A4: Kota Liusong, Prov. Zuyu 30198
F6: HARGA TIKET
A7: KODE | B7: MASKAPAI | C7: TIPE MASKAPAI | D7: RUTE | E7: ESTIMASI | F7: EKONOMI | G7: BISNIS | H7: PREMIUM EKONOMI
A8: SAA/L | B8: Satu Angkasa Air | C8: LCC | D8: MDN-ACH | E8: 1 | F8: 550000 | G8: 900000 | H8: 700000
A9: ACA/R | B9: Aero Citra Air | C9: Regional/Charter | D9: KPG-MME | E9: 1.5 | F9: 750000 | G9: 1300000 | H9: 950000
A10: SNA/F | B10: Sky Nusantara Air | C10: Full-Service | D10: JKT-SBY | E10: 1.5 | F10: 1200000 | G10: 2200000 | H10: 1600000
A11: CWA/L | B11: Cakrawala Air | C11: LCC | D11: YGY-MKS | E11: 2 | F11: 1100000 | G11: 2000000 | H11: 1350000
A12: MNA/F | B12: Mega Nusantara Air | C12: Full-Service | D12: JKT-BLI | E12: 1.5 | F12: 1500000 | G12: 2700000 | H12: 1900000
A15: KODE | B15: KOTA
A16: MDN | B16: Medan
A17: KPG | B17: Kupang
A18: JKT | B18: Jakarta
A19: YGY | B19: Yogyakarta
A20: ACH | B20: Aceh
A21: MME | B21: Maumere
A22: SBY | B22: Surabaya
A23: MKS | B23: Makassar
A24: BLI | B24: Bali

Sheet Airline_Booking
A2: NO | B2: NAMA PENUMPANG | C2: KODE PENERBANGAN | D2: MASKAPAI | E2: TIPE MASKAPAI | F2: KELAS | G2: ASAL | H2: TUJUAN | I2: TANGGAL BERANGKAT | J2: JAM BERANGKAT | K2: DURASI (JAM) | L2: KEDATANGAN | M2: GATE | N2: SEAT | O2: HARGA TIKET
A3: 1 | B3: LOKA WIRANTA | C3: SAA/L/BN-25/05/2025-MDN-ACH/A3 | D3: =VLOOKUP(LEFT(C3,5),Master_Data!$A$8:$C$12,2,0) -> Satu Angkasa Air | E3: =VLOOKUP(LEFT(C3,5),Master_Data!$A$8:$C$12,3,0) -> LCC | F3: =IF(MID(C3,7,2)="BN","Bisnis",IF(MID(C3,7,2)="EK","Ekonomi","Premium Ekonomi")) -> Bisnis | G3: =VLOOKUP(MID(C3,21,3),Master_Data!$A$16:$B$24,2,0) -> Medan | H3: =VLOOKUP(MID(C3,25,3),Master_Data!$A$16:$B$24,2,0) -> Aceh | I3: =DATEVALUE(MID(C3,10,10)) -> 45802 | J3: 0.71527778 | K3: =VLOOKUP(D3,Master_Data!$B$8:$E$12,4,0) -> 1 | L3: =I3+J3+(K3/24) -> 45802.757 | M3: =RIGHT(C3,2) -> A3 | N3: 7A | O3: =VLOOKUP(D3,Master_Data!$B$8:$H$12,IF(Airline_Booking!F3="Ekonomi",5,IF(Airline_Booking!F3="Bisnis",6,7)),0) -> 900000
A4: 2 | B4: HANA LIN | C4: SAA/L/PE-25/05/2025-MDN-ACH/A3 | D4: =VLOOKUP(LEFT(C4,5),Master_Data!$A$8:$C$12,2,0) -> Satu Angkasa Air | E4: =VLOOKUP(LEFT(C4,5),Master_Data!$A$8:$C$12,3,0) -> LCC | F4: =IF(MID(C4,7,2)="BN","Bisnis",IF(MID(C4,7,2)="EK","Ekonomi","Premium Ekonomi")) -> Premium Ekonomi | G4: =VLOOKUP(MID(C4,21,3),Master_Data!$A$16:$B$24,2,0) -> Medan | H4: =VLOOKUP(MID(C4,25,3),Master_Data!$A$16:$B$24,2,0) -> Aceh | I4: =DATEVALUE(MID(C4,10,10)) -> 45802 | J4: 0.34166667 | K4: =VLOOKUP(D4,Master_Data!$B$8:$E$12,4,0) -> 1 | L4: =I4+J4+(K4/24) -> 45802.383 | M4: =RIGHT(C4,2) -> A3 | N4: 30E | O4: =VLOOKUP(D4,Master_Data!$B$8:$H$12,IF(Airline_Booking!F4="Ekonomi",5,IF(Airline_Booking!F4="Bisnis",6,7)),0) -> 700000
A5: 3 | B5: SANITA VELORA | C5: ACA/R/PE-26/05/2025-KPG-MME/C1 | D5: =VLOOKUP(LEFT(C5,5),Master_Data!$A$8:$C$12,2,0) -> Aero Citra Air | E5: =VLOOKUP(LEFT(C5,5),Master_Data!$A$8:$C$12,3,0) -> Regional/Charter | F5: =IF(MID(C5,7,2)="BN","Bisnis",IF(MID(C5,7,2)="EK","Ekonomi","Premium Ekonomi")) -> Premium Ekonomi | G5: =VLOOKUP(MID(C5,21,3),Master_Data!$A$16:$B$24,2,0) -> Kupang | H5: =VLOOKUP(MID(C5,25,3),Master_Data!$A$16:$B$24,2,0) -> Maumere | I5: =DATEVALUE(MID(C5,10,10)) -> 45803 | J5: 0.95138889 | K5: =VLOOKUP(D5,Master_Data!$B$8:$E$12,4,0) -> 1.5 | L5: =I5+J5+(K5/24) -> 45804.014 | M5: =RIGHT(C5,2) -> C1 | N5: 14B | O5: =VLOOKUP(D5,Master_Data!$B$8:$H$12,IF(Airline_Booking!F5="Ekonomi",5,IF(Airline_Booking!F5="Bisnis",6,7)),0) -> 950000
A6: 4 | B6: VANYA RUSELINA | C6: SNA/F/EK-27/05/2025-JKT-SBY/A5 | D6: =VLOOKUP(LEFT(C6,5),Master_Data!$A$8:$C$12,2,0) -> Sky Nusantara Air | E6: =VLOOKUP(LEFT(C6,5),Master_Data!$A$8:$C$12,3,0) -> Full-Service | F6: =IF(MID(C6,7,2)="BN","Bisnis",IF(MID(C6,7,2)="EK","Ekonomi","Premium Ekonomi")) -> Ekonomi | G6: =VLOOKUP(MID(C6,21,3),Master_Data!$A$16:$B$24,2,0) -> Jakarta | H6: =VLOOKUP(MID(C6,25,3),Master_Data!$A$16:$B$24,2,0) -> Surabaya | I6: =DATEVALUE(MID(C6,10,10)) -> 45804 | J6: 0.20208333 | K6: =VLOOKUP(D6,Master_Data!$B$8:$E$12,4,0) -> 1.5 | L6: =I6+J6+(K6/24) -> 45804.265 | M6: =RIGHT(C6,2) -> A5 | N6: 20F | O6: =VLOOKUP(D6,Master_Data!$B$8:$H$12,IF(Airline_Booking!F6="Ekonomi",5,IF(Airline_Booking!F6="Bisnis",6,7)),0) -> 1200000
A7: 5 | B7: REZA TARMOKO | C7: SNA/F/EK-27/05/2025-JKT-SBY/A5 | D7: =VLOOKUP(LEFT(C7,5),Master_Data!$A$8:$C$12,2,0) -> Sky Nusantara Air | E7: =VLOOKUP(LEFT(C7,5),Master_Data!$A$8:$C$12,3,0) -> Full-Service | F7: =IF(MID(C7,7,2)="BN","Bisnis",IF(MID(C7,7,2)="EK","Ekonomi","Premium Ekonomi")) -> Ekonomi | G7: =VLOOKUP(MID(C7,21,3),Master_Data!$A$16:$B$24,2,0) -> Jakarta | H7: =VLOOKUP(MID(C7,25,3),Master_Data!$A$16:$B$24,2,0) -> Surabaya | I7: =DATEVALUE(MID(C7,10,10)) -> 45804 | J7: 0.71805556 | K7: =VLOOKUP(D7,Master_Data!$B$8:$E$12,4,0) -> 1.5 | L7: =I7+J7+(K7/24) -> 45804.781 | M7: =RIGHT(C7,2) -> A5 | N7: 26A | O7: =VLOOKUP(D7,Master_Data!$B$8:$H$12,IF(Airline_Booking!F7="Ekonomi",5,IF(Airline_Booking!F7="Bisnis",6,7)),0) -> 1200000
A8: 6 | B8: DARGO MAWESTA | C8: CWA/L/BN-28/05/2025-YGY-MKS-B2 | D8: =VLOOKUP(LEFT(C8,5),Master_Data!$A$8:$C$12,2,0) -> Cakrawala Air | E8: =VLOOKUP(LEFT(C8,5),Master_Data!$A$8:$C$12,3,0) -> LCC | F8: =IF(MID(C8,7,2)="BN","Bisnis",IF(MID(C8,7,2)="EK","Ekonomi","Premium Ekonomi")) -> Bisnis | G8: =VLOOKUP(MID(C8,21,3),Master_Data!$A$16:$B$24,2,0) -> Yogyakarta | H8: =VLOOKUP(MID(C8,25,3),Master_Data!$A$16:$B$24,2,0) -> Makassar | I8: =DATEVALUE(MID(C8,10,10)) -> 45805 | J8: 0.71041667 | K8: =VLOOKUP(D8,Master_Data!$B$8:$E$12,4,0) -> 2 | L8: =I8+J8+(K8/24) -> 45805.794 | M8: =RIGHT(C8,2) -> B2 | N8: 22B | O8: =VLOOKUP(D8,Master_Data!$B$8:$H$12,IF(Airline_Booking!F8="Ekonomi",5,IF(Airline_Booking!F8="Bisnis",6,7)),0) -> 2000000
A9: 7 | B9: TISYA AVENDRA | C9: MNA/F/EK-29/05/2025-JKT-BLI-B5 | D9: =VLOOKUP(LEFT(C9,5),Master_Data!$A$8:$C$12,2,0) -> Mega Nusantara Air | E9: =VLOOKUP(LEFT(C9,5),Master_Data!$A$8:$C$12,3,0) -> Full-Service | F9: =IF(MID(C9,7,2)="BN","Bisnis",IF(MID(C9,7,2)="EK","Ekonomi","Premium Ekonomi")) -> Ekonomi | G9: =VLOOKUP(MID(C9,21,3),Master_Data!$A$16:$B$24,2,0) -> Jakarta | H9: =VLOOKUP(MID(C9,25,3),Master_Data!$A$16:$B$24,2,0) -> Bali | I9: =DATEVALUE(MID(C9,10,10)) -> 45806 | J9: 0.75138889 | K9: =VLOOKUP(D9,Master_Data!$B$8:$E$12,4,0) -> 1.5 | L9: =I9+J9+(K9/24) -> 45806.814 | M9: =RIGHT(C9,2) -> B5 | N9: 30F | O9: =VLOOKUP(D9,Master_Data!$B$8:$H$12,IF(Airline_Booking!F9="Ekonomi",5,IF(Airline_Booking!F9="Bisnis",6,7)),0) -> 1500000
A10: 8 | B10: KARYO LIMANTARA | C10: MNA/F/EK/30/05/2025-JKT-BLI-B5 | D10: =VLOOKUP(LEFT(C10,5),Master_Data!$A$8:$C$12,2,0) -> Mega Nusantara Air | E10: =VLOOKUP(LEFT(C10,5),Master_Data!$A$8:$C$12,3,0) -> Full-Service | F10: =IF(MID(C10,7,2)="BN","Bisnis",IF(MID(C10,7,2)="EK","Ekonomi","Premium Ekonomi")) -> Ekonomi | G10: =VLOOKUP(MID(C10,21,3),Master_Data!$A$16:$B$24,2,0) -> Jakarta | H10: =VLOOKUP(MID(C10,25,3),Master_Data!$A$16:$B$24,2,0) -> Bali | I10: =DATEVALUE(MID(C10,10,10)) -> 45807 | J10: 0.47638889 | K10: =VLOOKUP(D10,Master_Data!$B$8:$E$12,4,0) -> 1.5 | L10: =I10+J10+(K10/24) -> 45807.539 | M10: =RIGHT(C10,2) -> B5 | N10: 28B | O10: =VLOOKUP(D10,Master_Data!$B$8:$H$12,IF(Airline_Booking!F10="Ekonomi",5,IF(Airline_Booking!F10="Bisnis",6,7)),0) -> 1500000
A11: 9 | B11: JEFRO MALANTARA | C11: ACA/R/PE-30/05/2025-KPG-MME/C1 | D11: =VLOOKUP(LEFT(C11,5),Master_Data!$A$8:$C$12,2,0) -> Aero Citra Air | E11: =VLOOKUP(LEFT(C11,5),Master_Data!$A$8:$C$12,3,0) -> Regional/Charter | F11: =IF(MID(C11,7,2)="BN","Bisnis",IF(MID(C11,7,2)="EK","Ekonomi","Premium Ekonomi")) -> Premium Ekonomi | G11: =VLOOKUP(MID(C11,21,3),Master_Data!$A$16:$B$24,2,0) -> Kupang | H11: =VLOOKUP(MID(C11,25,3),Master_Data!$A$16:$B$24,2,0) -> Maumere | I11: =DATEVALUE(MID(C11,10,10)) -> 45807 | J11: 0.44375 | K11: =VLOOKUP(D11,Master_Data!$B$8:$E$12,4,0) -> 1.5 | L11: =I11+J11+(K11/24) -> 45807.506 | M11: =RIGHT(C11,2) -> C1 | N11: 17A | O11: =VLOOKUP(D11,Master_Data!$B$8:$H$12,IF(Airline_Booking!F11="Ekonomi",5,IF(Airline_Booking!F11="Bisnis",6,7)),0) -> 950000
A12: 10 | B12: BINAR KENDARTA | C12: ACA/R/EK-31/05/2025-KPG-MME/C1 | D12: =VLOOKUP(LEFT(C12,5),Master_Data!$A$8:$C$12,2,0) -> Aero Citra Air | E12: =VLOOKUP(LEFT(C12,5),Master_Data!$A$8:$C$12,3,0) -> Regional/Charter | F12: =IF(MID(C12,7,2)="BN","Bisnis",IF(MID(C12,7,2)="EK","Ekonomi","Premium Ekonomi")) -> Ekonomi | G12: =VLOOKUP(MID(C12,21,3),Master_Data!$A$16:$B$24,2,0) -> Kupang | H12: =VLOOKUP(MID(C12,25,3),Master_Data!$A$16:$B$24,2,0) -> Maumere | I12: =DATEVALUE(MID(C12,10,10)) -> 45808 | J12: 0.35138889 | K12: =VLOOKUP(D12,Master_Data!$B$8:$E$12,4,0) -> 1.5 | L12: =I12+J12+(K12/24) -> 45808.414 | M12: =RIGHT(C12,2) -> C1 | N12: 15D | O12: =VLOOKUP(D12,Master_Data!$B$8:$H$12,IF(Airline_Booking!F12="Ekonomi",5,IF(Airline_Booking!F12="Bisnis",6,7)),0) -> 750000
A13: 11 | B13: CHIKA YURESTA | C13: MNA/F/PE-31/05/2025-JKT-BLI/B5 | D13: =VLOOKUP(LEFT(C13,5),Master_Data!$A$8:$C$12,2,0) -> Mega Nusantara Air | E13: =VLOOKUP(LEFT(C13,5),Master_Data!$A$8:$C$12,3,0) -> Full-Service | F13: =IF(MID(C13,7,2)="BN","Bisnis",IF(MID(C13,7,2)="EK","Ekonomi","Premium Ekonomi")) -> Premium Ekonomi | G13: =VLOOKUP(MID(C13,21,3),Master_Data!$A$16:$B$24,2,0) -> Jakarta | H13: =VLOOKUP(MID(C13,25,3),Master_Data!$A$16:$B$24,2,0) -> Bali | I13: =DATEVALUE(MID(C13,10,10)) -> 45808 | J13: 0.98611111 | K13: =VLOOKUP(D13,Master_Data!$B$8:$E$12,4,0) -> 1.5 | L13: =I13+J13+(K13/24) -> 45809.049 | M13: =RIGHT(C13,2) -> B5 | N13: 9E | O13: =VLOOKUP(D13,Master_Data!$B$8:$H$12,IF(Airline_Booking!F13="Ekonomi",5,IF(Airline_Booking!F13="Bisnis",6,7)),0) -> 1900000
A14: 12 | B14: MEI ZHANG | C14: SNA/F/EK-31/05/2025-JKT-SBY/A3 | D14: =VLOOKUP(LEFT(C14,5),Master_Data!$A$8:$C$12,2,0) -> Sky Nusantara Air | E14: =VLOOKUP(LEFT(C14,5),Master_Data!$A$8:$C$12,3,0) -> Full-Service | F14: =IF(MID(C14,7,2)="BN","Bisnis",IF(MID(C14,7,2)="EK","Ekonomi","Premium Ekonomi")) -> Ekonomi | G14: =VLOOKUP(MID(C14,21,3),Master_Data!$A$16:$B$24,2,0) -> Jakarta | H14: =VLOOKUP(MID(C14,25,3),Master_Data!$A$16:$B$24,2,0) -> Surabaya | I14: =DATEVALUE(MID(C14,10,10)) -> 45808 | J14: 0.13958333 | K14: =VLOOKUP(D14,Master_Data!$B$8:$E$12,4,0) -> 1.5 | L14: =I14+J14+(K14/24) -> 45808.202 | M14: =RIGHT(C14,2) -> A3 | N14: 15E | O14: =VLOOKUP(D14,Master_Data!$B$8:$H$12,IF(Airline_Booking!F14="Ekonomi",5,IF(Airline_Booking!F14="Bisnis",6,7)),0) -> 1200000
... A42: 40 | B42: RAVIE WARDANA | C42: SAA/L/EK-30/06/2025-MDN-ACH/A3 | D42: =VLOOKUP(LEFT(C42,5),Master_Data!$A$8:$C$12,2,0) -> Satu Angkasa Air | E42: =VLOOKUP(LEFT(C42,5),Master_Data!$A$8:$C$12,3,0) -> LCC | F42: =IF(MID(C42,7,2)="BN","Bisnis",IF(MID(C42,7,2)="EK","Ekonomi","Premium Ekonomi")) -> Ekonomi | G42: =VLOOKUP(MID(C42,21,3),Master_Data!$A$16:$B$24,2,0) -> Medan | H42: =VLOOKUP(MID(C42,25,3),Master_Data!$A$16:$B$24,2,0) -> Aceh | I42: =DATEVALUE(MID(C42,10,10)) -> 45838 | J42: 0.25833333 | K42: =VLOOKUP(D42,Master_Data!$B$8:$E$12,4,0) -> 1 | L42: =I42+J42+(K42/24) -> 45838.3 | M42: =RIGHT(C42,2) -> A3 | N42: 17E | O42: =VLOOKUP(D42,Master_Data!$B$8:$H$12,IF(Airline_Booking!F42="Ekonomi",5,IF(Airline_Booking!F42="Bisnis",6,7)),0) -> 550000

Sheet Pivot_Table
A5: MASKAPAI | B5: KELAS | C5: Count of NAMA PENUMPANG | F5: MASKAPAI | G5: Sum of HARGA TIKET
A6: Aero Citra Air | B6: Bisnis | C6: 2 | F6: Aero Citra Air | G6: 9050000
B7: Ekonomi | C7: 1 | F7: Cakrawala Air | G7: 12000000
B8: Premium Ekonomi | C8: 6 | F8: Mega Nusantara Air | G8: 13300000
A9: Cakrawala Air | B9: Bisnis | C9: 6 | F9: Satu Angkasa Air | G9: 7350000
A10: Mega Nusantara Air | B10: Bisnis | C10: 2 | F10: Sky Nusantara Air | G10: 8400000
B11: Ekonomi | C11: 4 | F11: Grand Total | G11: 50100000
B12: Premium Ekonomi | C12: 1
A13: Satu Angkasa Air | B13: Bisnis | C13: 2
B14: Ekonomi | C14: 5
B15: Premium Ekonomi | C15: 4
A16: Sky Nusantara Air | B16: Ekonomi | C16: 7
A17: Grand Total | C17: 40
